1,0,Main,0
2,1,Tab Home,11954
3,2,Group Clipboard,12597
4,3,Paste Menu,15502
5,3,Paste,22
6,3,Paste,22
7,3,Paste Special Dialog,755
8,3,Paste As Hyperlink,2787
9,3,Cut,21
10,3,Copy,19
11,3,Format Painter,108
12,3,Show Clipboard,809
13,2,Group Font,11543
14,13,Font,1728
15,13,Font Size,1731
16,13,Font Size Increase Word,62
17,13,Font Size Decrease Word,63
18,13,Clear Formatting,11739
19,13,Asian Layout Phonetic Guide,3511
20,13,Character Border,3517
21,13,Bold,113
22,13,Italic,114
23,13,Underline Gallery,13932
24,13,Underline More Underlines Dialog,13934
25,13,Underline Color Picker,13933
26,13,Underline Color More Colors Dialog,3953
27,13,Strikethrough,290
28,13,Subscript,58
29,13,Superscript,57
30,13,Change Case Gallery,13093
31,13,Asian Layout Characters Enclose,3969
32,13,Font Color Picker,11949
33,13,Font Color More Colors Dialog,1005
34,13,Text Highlight Color Picker,13926
35,13,Highlighting Stop,13931
36,13,Character Shading,3518
37,13,Font Dialog,253
38,2,Group Paragraph,11544
39,38,Bullets Gallery Word,11749
40,38,List Level Gallery,13346
41,38,Bullet Define New,12243
42,38,Numbering Gallery Word,11750
43,38,List Level Gallery,13346
44,38,Define New Number Format,12244
45,38,List Set Numbering Value,11229
46,38,Multilevel List Gallery,13347
47,38,List Level Gallery,13346
48,38,List Define New,13348
49,38,List Define New Style,13349
50,38,Indent Decrease Word,3473
51,38,Indent Increase Word,3472
52,38,Asian Layout Menu,13898
53,38,Asian Layout Horizontal In Vertical,3963
54,38,Asian Layout Combine Characters,3512
55,38,Asian Layout Two Lines In One,3964
56,38,Asian Layout Fit Text,3510
57,38,Asian Layout Character Scaling,386
58,38,Sort Dialog Classic,928
59,38,Align Left,120
60,38,Align Center,122
61,38,Align Right,121
62,38,Align Justify,123
63,38,Align Justify Menu,13097
64,38,Align Justify With Mixed Languages,13900
65,38,Align Justify Low,13901
66,38,Align Justify Medium,13902
67,38,Align Justify High,13903
68,38,Paragraph Distributed,2792
69,38,Align Justify Thai,13904
70,38,Text Direction Left To Right,1846
71,38,Text Direction Right To Left,1847
72,38,Line Spacing Menu,15620
73,38,Paragraph Marks,119
74,38,East Asian Editing Marks,3900
75,38,Table Borders Menu,12941
76,38,Border Bottom Word,2868
77,38,Border Top Word,2867
78,38,Border Left Word,2869
79,38,Border Right Word,2870
80,38,Border None,151
81,38,Borders All,1704
82,38,Border Outside,150
83,38,Border Inside,149
84,38,Border Inside Horizontal,1840
85,38,Border Inside Vertical,1841
86,38,Border Diagonal Down,1842
87,38,Border Diagonal Up,1843
88,38,Horizontal Line Insert,3653
89,38,Table Draw Table,2059
90,38,Table Show Gridlines,2626
91,38,Borders Shading Dialog Word,3466
92,38,Shading Color Picker,13162
93,38,Shading Colors More Colors Dialog,13163
94,38,Paragraph Dialog,779
95,2,Group Styles,11545
96,95,Quick Styles Gallery,11737
97,95,Quick Styles Save Selection As New,13086
98,95,Clear Formatting,11739
99,95,Apply Styles Pane,13367
100,95,Change Styles Menu,15927
101,95,Quick Styles Sets,11738
102,95,Quick Styles Reset From Template,14785
103,95,Quick Styles Reset Document Styles,14784
104,95,Quick Styles Save Quick Style Set,13090
105,95,Theme Colors Gallery,12245
106,95,Theme Colors Create New,12680
107,95,Theme Fonts Gallery,12863
108,95,Theme Fonts Create New,12681
109,95,Quick Styles Set As Default,15361
110,95,Styles Pane,5757
111,2,Group Editing,12580
112,111,Select Menu Excel,12581
113,111,Find Dialog,141
114,111,Find Dialog,141
115,111,Go To,757
116,111,Replace Dialog,313
117,111,Select Menu,11926
118,111,Select All,756
119,111,Objects Select,182
120,111,Select Text With Similar Formatting,5946
121,1,Tab Insert,11536
122,121,Group Insert Pages,11547
123,122,Cover Page Insert Gallery,12255
124,122,Cover Page Remove,14792
125,122,Save Selection To Cover Page Gallery,12288
126,122,Blank Page Insert,13110
127,122,Page Break Insert Word,3462
128,121,Group Insert Tables,12598
129,128,Table Insert Gallery,13821
130,128,Table Insert Dialog Word,3392
131,128,Table Draw Table,2059
132,128,Convert Text To Table,806
133,128,Table Excel Spreadsheet Insert,142
134,128,Quick Tables Insert Gallery,12259
135,128,Save Selection To Quick Tables Gallery,12293
136,121,Group Insert Illustrations,11548
137,136,Picture Insert From File,2619
138,136,Clip Art Insert,682
139,136,Gallery All Shapes And Canvas,15287
140,136,Drawing Canvas Insert,5811
141,136,Smart Art Insert,1032
142,136,Chart Insert,17
143,121,Group Insert Links,12599
144,143,Hyperlink Insert,1576
145,143,Bookmark Insert,758
146,143,Cross Reference Insert,775
147,121,Group Header Footer,13980
148,147,Header Insert Gallery,12253
149,147,Header Footer Edit Header,14122
150,147,Header Footer Remove Header Word,14793
151,147,Save Selection To Header Gallery,12291
152,147,Footer Insert Gallery,12254
153,147,Header Footer Edit Footer,15350
154,147,Header Footer Remove Footer Word,14794
155,147,Save Selection To Footer Gallery,12290
156,147,Header Footer Page Number Insert,127
157,147,Page Numbers In Header Insert Gallery,14107
158,147,Save Selection To Page Number Top,14113
159,147,Page Nambers In Footer Insert Gallery,14108
160,147,Save Selection To Page Number Bottom,14114
161,147,Page Nambers In Margins Insert Gallery,14109
162,147,Save Selection To Page Number Margin,14115
163,147,Page Number Field Insert Gallery,12256
164,147,Save Selection To Page Number Gallery,12292
165,147,Page Number Format,2384
166,147,Page Numbers Remove,14795
167,121,Group Insert Text,15291
168,167,Japanese Greetings Insert Menu,13899
169,167,Mail Merge Japanese Greeting Insert,6090
170,167,Mail Merge Japanese Greeting Japanese Opening Sentence Insert,6091
171,167,Mail Merge Japanese Greeting Closing Sentence Insert,6092
172,167,Text Box Insert Gallery,14106
173,167,Text Box Insert,139
174,167,Text Box Insert Vertical Word,14611
175,167,Save Selection To Text Box Gallery,14111
176,167,Quick Parts Insert Gallery,12260
177,167,Property Insert,12775
178,167,Field Insert,772
179,167,Building Blocks Organizer,12686
180,167,Quick Parts Insert From Online,15689
181,167,Save Selection To Quick Part Gallery,12287
182,167,Word Art Insert Gallery Classic,13820
183,167,Drop Cap Insert Gallery,11478
184,167,Drop Cap Options Dialog,289
185,167,Signature Line Insert Menu,14410
186,167,Signature Line Insert,11303
187,167,Signature Line Menu Item Insert,12781
188,167,Signature Line Menu Item Insert,12781
189,167,Signature Line Menu Item Insert,12781
190,167,Signature Line Menu Item Insert,12781
191,167,Signature Line Menu Item Insert,12781
192,167,Signature Line Menu Item Insert,12781
193,167,Signature Line Menu Item Insert,12781
194,167,Signature Services Add,13036
195,167,Date And Time Insert,768
196,167,Ole Object Insert Menu,13149
197,167,Ole Objectct Insert,546
198,167,Ole Objectct Insert,546
199,167,Text From File Insert,777
200,121,Group Insert Symbols,12600
201,200,Insert Building Blocks Equations Gallery,15301
202,200,Equation Insert New,15365
203,200,Save Selection To Equation Gallery,12289
204,200,Symbol Insert Gallery,12322
205,200,Symbols Dialog,13806
206,200,Number Insert,769
207,121,Group Insert Barcode,12601
208,207,Barcode Insert,11335
209,207,Label Insert,11331
210,1,Tab Page Layout Word,12065
211,210,Group Themes Word,14139
212,211,Themes Gallery,14014
213,211,Theme Reset From Template,14823
214,211,Theme Search Office Online,12305
215,211,Theme Browse For Themes,16182
216,211,Theme Save Current,13991
217,211,Theme Colors Gallery,12245
218,211,Theme Colors Create New,12680
219,211,Theme Fonts Gallery,12863
220,211,Theme Fonts Create New,12681
221,211,Theme Effects Gallery,12864
222,210,Group Page Layout Setup,13981
223,222,Text Direction Gallery Word,13935
224,222,Text Direction Options Dialog,782
225,222,Page Margins Gallery,11475
226,222,Margins Custom Margins,12795
227,222,Page Orientation Gallery,11533
228,222,Page Size Gallery,12610
229,222,Page Size More Paper Sizes Dialog,15048
230,222,Table Columns Gallery,11950
231,222,Columns Dialog,9
232,222,Breaks Gallery,12917
233,222,Line Numbers Menu,12925
234,222,Line Numbers Off,12926
235,222,Line Numbers Continuous,12927
236,222,Line Numbers Reset Page,12928
237,222,Line Numbers Reset Section,12929
238,222,Line Numbers Suppress,12930
239,222,Line Numbers Options Dialog,15049
240,222,Hyphenation Menu,12797
241,222,Hyphenation None,12799
242,222,Hyphenation Automatic,12798
243,222,Hyphenation Manual,2336
244,222,Hyphenation Options,2800
245,222,Page Setup Dialog,247
246,210,Group Page Background,13982
247,246,Watermark Gallery,12257
248,246,Watermark Custom Dialog,4003
249,246,Watermark Remove,14791
250,246,Save Selection To Water Mark Gallery,12294
251,246,Page Color Picker,13927
252,246,Page Color More Colors Dialog,2857
253,246,Page Color Fill Effects,2858
254,246,Page Border And Shading Dialog,15086
255,210,Group Paragraph Layout,11553
256,255,Indent Label,13913
257,255,Paragraph Indent Left,13906
258,255,Paragraph Indent Right,13907
259,255,Spacing Label,13912
260,255,Paragraph Spacing Before,13908
261,255,Paragraph Spacing After,13909
262,255,Paragraph Dialog,779
263,210,Group Arrange,11581
264,263,Picture Position Gallery,13142
265,263,Layout Options Dialog,14181
266,263,Object Bring To Front Menu,14407
267,263,Object Bring To Front,166
268,263,Object Bring To Front,166
269,263,Object Bring Forward,170
270,263,Object Bring In Front Of Text,3451
271,263,Object Send To Back Menu,14408
272,263,Object Send To Back,167
273,263,Object Send To Back,167
274,263,Object Send Backward,171
275,263,Object Send Behind Text,3452
276,263,Text Wrapping Menu,12613
277,263,Text Wrapping In Line With Text,5934
278,263,Text Wrapping Square,1369
279,263,Text Wrapping Tight,1370
280,263,Text Wrapping Behind Text,4000
281,263,Text Wrapping In Front Of Text,4001
282,263,Text Wrapping Top And Bottom,2766
283,263,Text Wrapping Through,2767
284,263,Text Wrapping Edit Wrap Points,1372
285,263,Layout Options Dialog,14181
286,263,Object Align Menu,11920
287,263,Objects Align Left Smart,12784
288,263,Objects Align Center Horizontal Smart,12788
289,263,Objects Align Right Smart,12785
290,263,Objects Align Top Smart,12786
291,263,Objects Align Middle Vertical Smart,12789
292,263,Objects Align Bottom Smart,12787
293,263,Align Distribute Horizontally,12790
294,263,Align Distribute Vertically,12791
295,263,Objects Align Relative To Container Smart,12783
296,263,Objects Align Relative To Margin,14469
297,263,Objects Align Selected Smart,12782
298,263,View Gridlines Word,300
299,263,Grid Settings,217
300,263,Objects Group Menu,14409
301,263,Objects Group,164
302,263,Objects Regroup,338
303,263,Objects Ungroup,165
304,263,Object Rotate Gallery,11924
305,263,Object Rotation Options Dialog,15678
306,1,Tab References,11538
307,306,Group Table Of Contents,11556
308,307,Table Of Contents Gallery,14455
309,307,Table Of Contents Dialog,2299
310,307,Table Of Contents Remove,14796
311,307,Save Selection To Table Of Contents Gallery,14456
312,307,Table Of Contents Add Text Gallery,12816
313,307,Table Of Contents Update,6115
314,306,Group Footnotes,11555
315,314,Footnote Insert,260
316,314,Endnote Insert Word,2285
317,314,Footnote Next,15279
318,314,Footnote Next Word,2269
319,314,Footnote Next Word,2269
320,314,Footnote Previous Word,2268
321,314,Endnote Next Word,2271
322,314,Endnote Previous Word,2270
323,314,Footnotes Endnotes Show,764
324,314,Footnote Endnote Dialog,3365
325,306,Group Citations And Bibliography,11554
326,325,Citation Insert,11327
327,325,Bibliography Add New Source,11330
328,325,Bibliography Add New Placeholder,14726
329,325,Search Libraries,12554
330,325,Bibliography Manage Sources,11328
331,325,Bibliography Style,11326
332,325,Bibliography Gallery,15214
333,325,Bibliography Insert,11324
334,325,Save Selection To Bibliography Gallery,15235
335,306,Group Captions,12570
336,335,Caption Insert,774
337,335,Table Of Figures Insert,2301
338,335,Table Of Figures Update,15058
339,335,Cross Reference Insert,775
340,306,Group Index,12571
341,340,Index Mark Entry,2293
342,340,Index Insert,2298
343,340,Index Update,12794
344,306,Group Table Of Authorities,12572
345,344,Citation Mark,2295
346,344,Table Of Authorities Insert,2302
347,344,Table Of Authorities Update,15057
348,1,Tab Mailings,11539
349,348,Group Envelope Label Create,14570
350,349,Envelope Chinese Dialog,3972
351,349,Japanese Greetings Insert Menu,13899
352,349,Mail Merge Japanese Greeting Insert,6090
353,349,Mail Merge Japanese Greeting Japanese Opening Sentence Insert,6091
354,349,Mail Merge Japanese Greeting Closing Sentence Insert,6092
355,349,Japanese Postcard Dialog,3513
356,349,Envelopes And Labels Dialog,24
357,349,Labels Dialog,795
358,348,Group Mail Merge Start,13148
359,358,Mail Merge Start Mail Merge Menu,12807
360,358,Mail Merge Start Letters,12808
361,358,Mail Merge Start Email,12809
362,358,Mail Merge Start Envelopes,12811
363,358,Mail Merge Start Labels,12812
364,358,Mail Merge Start Directory,12813
365,358,Mail Merge Clear Merge Type,12814
366,358,Mail Merge Wizard,6070
367,358,Mail Merge Select Recipients,12815
368,358,Mail Merge Create List,5912
369,358,Mail Merge Recepients Use Existing List,2246
370,358,Mail Merge Recepients Use Outlook Contacts,15277
371,358,Mail Merge Recipients Edit List,6349
372,348,Group Mail Merge Write Insert Fields,11559
373,372,Mail Merge Highlight Merge Fields,6069
374,372,Mail Merge Address Block Insert,6346
375,372,Mail Merge Greeting Line Insert,6347
376,372,Mail Merge Merge Field Insert Menu,15500
377,372,Mail Merge Merge Field Insert,6348
378,372,Mail Merge Rules,12800
379,372,Mail Merge Match Fields,6345
380,372,Mail Merge Update Labels,6693
381,348,Group Mail Merge Preview Results,11560
382,381,Mail Merge Results Preview,163
383,381,Mail Merge Go To First Record,154
384,381,Mail Merge Go To Previous Record,155
385,381,Mail Merge Go To Record,1730
386,381,Mail Merge Go To Next Record,156
387,381,Mail Merge Got To Last Record,157
388,381,Mail Merge Find Recipient,6539
389,381,Mail Merge Auto Check For Errors,161
390,348,Group Mail Merge Finish,11561
391,390,Mail Merge Finish And Merge Menu,12796
392,390,Mail Merge Merge To Document,159
393,390,Mail Merge Merge To Printer,160
394,390,Mail Merge Merge To EMail,5908
395,1,Tab Review Word,11540
396,395,Group Proofing,11546
397,396,Spelling And Grammar,2566
398,396,Research Pane,7343
399,396,Thesaurus,9056
400,396,Translation Pane,6111
401,396,Translation Tool Tip,12842
402,396,English Writing Assistant,14453
403,396,Ime Dictionary Update,827
404,396,Review Japanese Consistency Checker,2815
405,396,Hangul Hanja Conversion,3492
406,396,Set Language,790
407,396,Word Count,792
408,395,Group Chinese Translation,15600
409,408,Translate To Simplified Chinese,4025
410,408,Translate To Traditional Chinese,3997
411,408,Chinese Translation Dialog,3958
412,395,Group Comments,11563
413,412,Review New Comment,1589
414,412,Review Delete Comments Menu,14339
415,412,Review Delete Comment,1592
416,412,Review Delete Comment,1592
417,412,Review Delete All Comments Shown,6246
418,412,Review Delete All Comments In Document,6247
419,412,Review Previous Comment Word,12240
420,412,Review Next Comment Word,12241
421,412,Review Ink Comment New,14571
422,412,Review Ink Comment Pen,9407
423,412,Review Ink Comment Eraser,9408
424,395,Group Changes Tracking,11562
425,424,Review Track Changes Menu,11910
426,424,Review Track Changes,2041
427,424,Review Track Changes,2041
428,424,Review Change Tracking Options,13800
429,424,Review Change User Name,2350
430,424,Review Balloons Menu,11914
431,424,Review Show Revisions In Balloons,9317
432,424,Review Show Revisions Inline,9318
433,424,Review Show Only Comments And Formatting In Baloons,9319
434,424,Review Display For Review,6968
435,424,Review Show Markup Menu,12316
436,424,Review Show Comments,6231
437,424,Review Show Ink Markup,9321
438,424,Review Show Insertions And Deletions,6232
439,424,Review Show Formatting,6233
440,424,Review Show Markup Area Highlight,11455
441,424,Review Show Reviewers Menu,6137
442,424,Review Reviewing Pane Menu,15283
443,424,Review Reviewing Pane,6239
444,424,Review Reviewing Pane Vertical,13808
445,424,Review Reviewing Pane Horizontal,13807
446,395,Group Changes,11564
447,446,Review Accept Change Menu,11911
448,446,Review Accept Change And Move To Next,15551
449,446,Review Accept Change And Move To Next,15551
450,446,Review Accept Change,1715
451,446,Review Accept All Changes Shown,6241
452,446,Review Accept All Changes In Document,6242
453,446,Review Reject Change Menu,11912
454,446,Review Reject Change And Move To Next,15552
455,446,Review Reject Change And Move To Next,15552
456,446,Review Reject Change,1716
457,446,Review Reject All Changes Shown,6244
458,446,Review Reject All Changes In Document,6245
459,446,Review Previous Change,6237
460,446,Review Next Change,6238
461,395,Group Compare,11565
462,461,Review Compare Menu,12757
463,461,Review Compare Major Version,12760
464,461,Review Compare Last Version,12761
465,461,Review Compare Specific Version,12762
466,461,Review View Changes In The Source Document,14138
467,461,Review Compare Two Versions,12758
468,461,Review Combine Revisions,12759
469,461,Review Show Source Documents Menu,15348
470,395,Group Protect,12792
471,470,Protect Document,7116
472,470,Review Protect Document Menu,16129
473,470,Review Restrict Formatting,16135
474,470,File Permission Unrestricted,7990
475,470,File Permission Do Not Distribute,7991
476,470,File Permission Restrict As,10014
477,395,Group Ink,13964
478,477,Inking Start,9071
479,1,Tab View,11541
480,479,Group Document Views,15639
481,480,View Print Layout View,287
482,480,View Full Screen Reading View,9377
483,480,View Web Layout View,3621
484,480,View Outline View,737
485,480,View Draft View,224
486,479,Group View Show Hide,15640
487,486,View Ruler Word,7391
488,486,View Gridlines,15643
489,486,View Message Bar,13362
490,486,View Document Map,1714
491,486,View Thumbnails,9051
492,486,View Document Actions Pane,7465
493,479,Group Zoom,11813
494,493,Zoom Dialog,925
495,493,Zoom Current100,16027
496,493,Zoom One Page,5
497,493,Zoom Two Pages,15682
498,493,Zoom Page Width,6
499,479,Group Window,15641
500,499,Window New,303
501,499,Windows Arrange All,298
502,499,Window Split,302
503,499,Window Side By Side,7698
504,499,Window Side By Side Synchronous Scrolling,7873
505,499,Window Reset Position,7874
506,499,Window Switch Windows Menu Word,12670
507,499,Window Name Goes Here,830
508,499,Window Name Goes Here,830
509,499,Window Name Goes Here,830
510,499,Window Name Goes Here,830
511,499,Window Name Goes Here,830
512,499,Window Name Goes Here,830
513,499,Window Name Goes Here,830
514,499,Window Name Goes Here,830
515,499,Window Name Goes Here,830
516,499,Window More Windows Dialog,959
517,479,Group Macros,16104
518,517,Menu Macros,16106
519,517,Play Macro,16105
520,517,Play Macro,16105
521,517,Macro Record Or Stop,2780
522,517,Macro Recorder Pause,185
523,1,Tab Developer,12557
524,523,Group Code,12556
525,524,Visual Basic,1695
526,524,Macro Play,186
527,524,Macro Record Or Stop,2780
528,524,Macro Recorder Pause,185
529,524,Macro Security,3627
530,523,Group Controls,11811
531,530,Content Control Rich Text,15100
532,530,Content Control Text,15101
533,530,Content Control Picture,15102
534,530,Content Control Combo Box,15103
535,530,Content Control Drop Down List,15104
536,530,Content Control Date,15106
537,530,Content Control Building Block Gallery,15105
538,530,Controls Gallery Classic,15343
539,530,Design Mode,1605
540,530,Control Properties,13100
541,530,Content Controls Group Menu,15330
542,530,Content Controls Group,15070
543,530,Content Controls Ungroup,15331
544,523,Group Xml,12559
545,544,Xml Structure,12567
546,544,Xml Schema,12568
547,544,Xml Transformation,7891
548,544,Xml Expansion Packs Word,12569
549,523,Group Protect,12792
550,549,Protect Document,7116
551,549,Review Protect Document Menu,16129
552,549,Review Restrict Formatting,16135
553,549,File Permission Unrestricted,7990
554,549,File Permission Do Not Distribute,7991
555,549,File Permission Restrict As,10014
556,523,Group Templates,15747
557,556,Document Template,751
558,556,Document Panel Template,14596
559,1,Tab Add Ins,12308
560,559,Group Add Ins Menu Commands,13950
561,559,Group Add Ins Toolbar Commands,13951
562,559,Group Add Ins Custom Toolbars,14337
563,1,Tab Outlining,12931
564,563,Group Outlining Tools,12933
565,564,Outline Promote To Heading,6214
566,564,Outline Promote,132
567,564,Outline Level Gallery,6116
568,564,Outline Demote,133
569,564,Outline Demote To Body Text,136
570,564,Outline Move Up,134
571,564,Outline Move Down,135
572,564,Outline Expand,137
573,564,Outline Collapse,138
574,564,Outline Show Level,6117
575,564,Outline Show Text Formatting,252
576,564,Outline Show First Line Only,251
577,563,Group Master Document,12934
578,577,Master Document Show,230
579,577,Master Document Expand Or Collapse Subdocuments,1633
580,577,Master Document Create Subdocument,231
581,577,Master Document Insert Subdocument,233
582,577,Master Document Unlink Subdocument,232
583,577,Master Document Merge Subdocuments,235
584,577,Master Document Split Subdocuments,234
585,577,Master Document Lock Subdocument,236
586,563,Group Outlining Close,12932
587,586,Outline View Close,15093
588,1,Tab Print Preview,12902
589,588,Group Print Preview Print,12903
590,589,File Print,4
591,589,Print Options Menu Word,2346
592,588,Group Print Preview Page Setup,15724
593,592,Page Margins Gallery,11475
594,592,Margins Custom Margins,12795
595,592,Page Orientation Gallery,11533
596,592,Page Size Gallery,12610
597,592,Page Size More Paper Sizes Dialog,15048
598,592,Page Setup Dialog,247
599,588,Group Zoom,11813
600,599,Zoom Dialog,925
601,599,Zoom Current100,16027
602,599,Zoom One Page,5
603,599,Zoom Two Pages,15682
604,599,Zoom Page Width,6
605,588,Group Print Preview Preview,12904
606,605,Show Ruler,15726
607,605,Magnifier,172
608,605,Print Preview Shrink One Page,173
609,605,Page Next Word,2242
610,605,Page Previous Word,2241
611,605,Print Preview Close,923
612,1,Tab Blog Insert,15804
613,612,Group Insert Tables,12598
614,613,Table Insert Gallery,13821
615,613,Table Insert Dialog Word,3392
616,613,Table Draw Table,2059
617,613,Convert Text To Table,806
618,613,Table Excel Spreadsheet Insert,142
619,613,Quick Tables Insert Gallery,12259
620,613,Save Selection To Quick Tables Gallery,12293
621,612,Group Insert Illustrations,11548
622,621,Picture Insert From File,2619
623,621,Clip Art Insert,682
624,621,Gallery All Shapes And Canvas,15287
625,621,Drawing Canvas Insert,5811
626,621,Smart Art Insert,1032
627,621,Chart Insert,17
628,612,Group Blog Insert Links,15928
629,628,Hyperlink Insert,1576
630,612,Group Blog Insert Text,15805
631,630,Japanese Greetings Insert Menu,13899
632,630,Mail Merge Japanese Greeting Insert,6090
633,630,Mail Merge Japanese Greeting Japanese Opening Sentence Insert,6091
634,630,Mail Merge Japanese Greeting Closing Sentence Insert,6092
635,630,Word Art Insert Gallery Classic,13820
636,612,Group Blog Symbols,16207
637,636,Symbol Insert Gallery,12322
638,636,Symbols Dialog,13806
639,1,Tab Blog Post,15792
640,639,Group Blog Publish,15793
641,640,Blog Publish Menu,15794
642,640,Blog Publish,15795
643,640,Blog Publish,15795
644,640,Blog Publish Draft,15796
645,640,Blog Home Page,16165
646,640,Blog Category Insert,15800
647,640,Blog Insert Categories,16056
648,640,Blog Open Existing,15802
649,640,Blog Manage Accounts,15797
650,639,Group Clipboard,12597
651,650,Paste Menu,15502
652,650,Paste,22
653,650,Paste,22
654,650,Paste Special Dialog,755
655,650,Paste As Hyperlink,2787
656,650,Cut,21
657,650,Copy,19
658,650,Format Painter,108
659,650,Show Clipboard,809
660,639,Group Blog Basic Text,15803
661,660,Font,1728
662,660,Font Size,1731
663,660,Font Size Increase Word,62
664,660,Font Size Decrease Word,63
665,660,Bullets,12
666,660,Numbering,11
667,660,Indent Decrease Word,3473
668,660,Indent Increase Word,3472
669,660,Bold,113
670,660,Italic,114
671,660,Underline,115
672,660,Strikethrough,290
673,660,Font Color Picker,11949
674,660,Font Color More Colors Dialog,1005
675,660,Text Highlight Color Picker,13926
676,660,Highlighting Stop,13931
677,660,Shading Color Picker,13162
678,660,Shading Colors More Colors Dialog,13163
679,660,Align Left,120
680,660,Align Center,122
681,660,Align Right,121
682,660,Clear Formatting,11739
683,660,Paragraph Marks,119
684,660,East Asian Editing Marks,3900
685,660,Font Dialog,253
686,639,Group Blog Styles,16167
687,686,Quick Styles Gallery,11737
688,686,Quick Styles Save Selection As New,13086
689,686,Clear Formatting,11739
690,686,Apply Styles Pane,13367
691,686,Styles Pane,5757
692,639,Group Blog Proofing,16166
693,692,Spelling Menu,15780
694,692,Spelling And Grammar,2566
695,692,Spelling And Grammar,2566
696,692,Research Pane,7343
697,692,Thesaurus,9056
698,692,Translation Pane,6111
699,692,Translation Tool Tip,12842
700,692,English Writing Assistant,14453
701,692,Ime Dictionary Update,827
702,692,Review Japanese Consistency Checker,2815
703,692,Hangul Hanja Conversion,3492
704,692,Translate To Simplified Chinese,4025
705,692,Translate To Traditional Chinese,3997
706,692,Chinese Translation Dialog,3958
707,692,Set Language,790
708,692,Word Count,792
709,0,Tab Set Smart Art Tools,13937
710,709,Tab Smart Art Tools Design,11683
711,710,Group Smart Art Create Graphic,12271
712,711,Smart Art Add Shape Split Menu,15099
713,711,Smart Art Add Shape,12084
714,711,Smart Art Add Shape After,13204
715,711,Smart Art Add Shape Before,13205
716,711,Smart Art Add Shape Above,13206
717,711,Smart Art Add Shape Below,13207
718,711,Smart Art Add Assistant,13208
719,711,Smart Art Add Bullet,14810
720,711,Smart Art Right To Left,13249
721,711,Smart Art Organization Chart Menu,13780
722,711,Smart Art Organization Chart Standard,13248
723,711,Smart Art Organization Chart Both,13247
724,711,Smart Art Organization Chart Left Hanging,13245
725,711,Smart Art Organization Chart Right Hanging,13246
726,711,Smart Art Promote,14232
727,711,Smart Art Demote,14233
728,711,Smart Art Text Pane,12095
729,710,Group Smart Art Layouts,12268
730,729,Smart Art Layout Gallery,12097
731,729,Smart Art More Layouts Dialog,12098
732,710,Group Smart Art Quick Styles,12269
733,732,Smart Art Change Colors Gallery,12100
734,732,Smart Art Styles Gallery,12099
735,710,Group Smart Art Reset,12273
736,735,Smart Art Reset Graphic,12093
737,709,Tab Smart Art Tools Format,11684
738,737,Group Smart Art Shapes,15289
739,738,Smart Art Edit In2D,12096
740,738,Shape Change Shape Gallery,11530
741,738,Smart Art Larger Shape,12090
742,738,Smart Art Smaller Shape,12091
743,737,Group Shape Styles,11594
744,743,Shape Styles Gallery,11532
745,743,Shape Styles Other Theme Fills Gallery,13779
746,743,Shape Fill Color Picker,11689
747,743,Object Fill More Colors Dialog,1051
748,743,Object Picture Fill,12612
749,743,Gradient Gallery,12116
750,743,Shape Fill More Gradients Dialog,12683
751,743,Shape Fill Texture Gallery,11531
752,743,More Texture Options,15679
753,743,Shape Outline Color Picker,15293
754,743,Object Border Outline Color More Colors Dialog,1052
755,743,Outline Weight Gallery,11866
756,743,Line Styles Dialog,1054
757,743,Outline Dashes Gallery,11865
758,743,Line Styles Dialog,1054
759,743,Arrow Style Gallery,11864
760,743,Arrows More,1055
761,743,Shape Effects Menu,14861
762,743,Object Effect Preset Gallery,11642
763,743,_3DBevel Options Dialog,13233
764,743,Object Effect Shadow Gallery,12118
765,743,Shadow Options Dialog,12684
766,743,Reflection Gallery,14229
767,743,Object Effect Glow Gallery,12115
768,743,Glow Color Picker,14766
769,743,Glow Color More Colors Dialog,14768
770,743,Object Effect Soft Edges Gallery,12102
771,743,Bevel Shape Gallery,14696
772,743,_3DBevel Options Dialog,13233
773,743,_3DRotation Gallery,11644
774,743,_3DRotation Options Dialog,13232
775,743,Object Format Dialog,962
776,737,Group Word Art Styles,14834
777,776,Text Styles Gallery,14839
778,776,Word Art Clear,14840
779,776,Text Fill Color Picker,14835
780,776,Text Fill Color More Colors Dialog,15680
781,776,Text Picture Fill,14841
782,776,Text Fill Gradient Gallery,14842
783,776,Text Fill More Gradients Dialog,14843
784,776,Text Fill Texture Gallery,14844
785,776,Text Fill More Textures,16081
786,776,Text Outline Color Picker,14836
787,776,Text Outline Color More Colors Dialog,14837
788,776,Text Outline Weight Gallery,14847
789,776,Text Outline More Lines Dialog,14846
790,776,Text Outline Dashes Gallery,14845
791,776,Text Outline More Lines Dialog,14846
792,776,Text Effects Menu,14838
793,776,Text Effect Shadow Gallery,14848
794,776,Text Effects More Shadows Dialog,14849
795,776,Text Reflection Gallery,14857
796,776,Text Effect Glow Gallery,14854
797,776,Text Glow Color Picker,14855
798,776,Text Glow Color More Colors Dialog,14856
799,776,Bevel Text Gallery,15075
800,776,Text Effects Bevel More3DOptions Dialog,14851
801,776,Text Effects3DRotation Gallery,14852
802,776,Text Effects3DRotation Options Dialog,14853
803,776,Text Effect Transform Gallery,12120
804,776,Word Art Format Dialog,15677
805,737,Group Arrange,11581
806,805,Picture Position Gallery,13142
807,805,Layout Options Dialog,14181
808,805,Object Bring To Front Menu,14407
809,805,Object Bring To Front,166
810,805,Object Bring To Front,166
811,805,Object Bring Forward,170
812,805,Object Bring In Front Of Text,3451
813,805,Object Send To Back Menu,14408
814,805,Object Send To Back,167
815,805,Object Send To Back,167
816,805,Object Send Backward,171
817,805,Object Send Behind Text,3452
818,805,Text Wrapping Menu,12613
819,805,Text Wrapping In Line With Text,5934
820,805,Text Wrapping Square,1369
821,805,Text Wrapping Tight,1370
822,805,Text Wrapping Behind Text,4000
823,805,Text Wrapping In Front Of Text,4001
824,805,Text Wrapping Top And Bottom,2766
825,805,Text Wrapping Through,2767
826,805,Text Wrapping Edit Wrap Points,1372
827,805,Layout Options Dialog,14181
828,805,Object Align Menu,11920
829,805,Objects Align Left Smart,12784
830,805,Objects Align Center Horizontal Smart,12788
831,805,Objects Align Right Smart,12785
832,805,Objects Align Top Smart,12786
833,805,Objects Align Middle Vertical Smart,12789
834,805,Objects Align Bottom Smart,12787
835,805,Align Distribute Horizontally,12790
836,805,Align Distribute Vertically,12791
837,805,Objects Align Relative To Container Smart,12783
838,805,Objects Align Relative To Margin,14469
839,805,Objects Align Selected Smart,12782
840,805,View Gridlines Word,300
841,805,Grid Settings,217
842,805,Objects Group Menu,14409
843,805,Objects Group,164
844,805,Objects Regroup,338
845,805,Objects Ungroup,165
846,805,Object Rotate Gallery,11924
847,805,Object Rotation Options Dialog,15678
848,737,Group Smart Art Size,12274
849,848,Shape Height,13915
850,848,Shape Width,13916
851,0,Tab Set Chart Tools,13936
852,851,Tab Chart Tools Design,11686
853,852,Group Chart Type,13217
854,853,Chart Change Type,13214
855,853,Chart Save Templates,11459
856,852,Group Chart Data,13215
857,856,Chart Switch Row Column,13210
858,856,Chart Edit Data Source,954
859,856,Chart Show Data,13211
860,856,Chart Refresh,13212
861,852,Group Chart Layouts,11602
862,861,Chart Layout Gallery,11457
863,852,Group Chart Styles,11603
864,863,Chart Styles Gallery,11456
865,851,Tab Chart Tools Layout,11687
866,865,Group Chart Current Selection,15046
867,866,Chart Element Selector,11468
868,866,Chart Format Selection,11467
869,866,Chart Reset To Match Style,14057
870,865,Group Chart Shapes,11605
871,870,Picture Insert From File,2619
872,870,Shapes Insert Gallery,11529
873,870,Text Box Insert Word,15162
874,870,Text Box Draw Menu,15161
875,870,Text Box Insert,139
876,870,Text Box Insert Vertical Word,14611
877,865,Group Chart Labels,15047
878,877,Chart Title,11955
879,877,Chart Title Options Dialog,14290
880,877,Chart Axis Titles,11461
881,877,Chart Primary Horizontal Axis Title,11956
882,877,Chart Primary Horizontal Axis Title Options Dialog,14293
883,877,Chart Primary Vertical Axis Title,11957
884,877,Chart Primary Vertical Axis Title Options Dialog,14294
885,877,Chart Secondary Horizontal Axis Title,14315
886,877,Chart Secondary Horizontal Axis Title Options Dialog,14295
887,877,Chart Secondary Vertical Axis Title,14316
888,877,Chart Secondary Vertical Axis Title Options Dialog,14296
889,877,Chart Depth Axis Title,11958
890,877,Chart Depth Axis Title Options Dialog,14297
891,877,Chart Legend,11959
892,877,Chart Legend Options Dialog Dialog,14291
893,877,Chart Data Label,11960
894,877,Chart Data Label Dialog,14292
895,877,Chart Data Table,11967
896,877,Chart Data Table Options Dialog,14308
897,865,Group Chart Axes,11604
898,897,Chart Axes,11463
899,897,Chart Primary Horizontal Axis,11964
900,897,Chart Primary Horizontal Axis Options Dialog,14303
901,897,Chart Primary Vertical Axis,11965
902,897,Chart Primary Vertical Axis Options Dialog,14304
903,897,Chart Secondary Horizontal Axis,14319
904,897,Chart Secondary Horizontal Axis Option,14305
905,897,Chart Secondary Vertical Axis,14320
906,897,Chart Secondary Vertical Axis Options Dialog,14306
907,897,Chart Depth Axis,11966
908,897,Chart Depth Axis Options Dialog,14307
909,897,Chart Gridlines,11464
910,897,Chart Primary Horizontal Gridlines,11961
911,897,Chart Primary Horizontal Gridlines Options Dialog,14298
912,897,Chart Primary Vertical Gridlines,11962
913,897,Chart Primary Vertical Gridlines Options Dialog,14299
914,897,Chart Secondary Horizontal Gridlines,14317
915,897,Chart Secondary Horizontal Gridlines Options Dialog,14300
916,897,Chart Secondary Vertical Gridlines,14318
917,897,Chart Secondary Vertical Gridlines Options Dialog,14301
918,897,Chart Depth Gridlines,11963
919,897,Chart Depth Gridlines Options Dialog,14302
920,865,Group Chart Background,15787
921,920,Chart Plot Area,11972
922,920,Chart Plot Area Options Dialog,14312
923,920,Chart Wall,11973
924,920,Chart Wall Options Dialog,14313
925,920,Chart Floor,11974
926,920,Chart Floor Options Dialog,14314
927,920,Chart3DView,14059
928,865,Group Chart Analysis,15788
929,928,Chart Trendline,11968
930,928,Chart Trendline Options Dialog,14309
931,928,Chart Lines,11970
932,928,Chart Up Down Bars,11971
933,928,Chart Up Down Bars Options Dialog,14311
934,928,Chart Error Bars,11969
935,928,Chart Error Bars Options Dialog,14310
936,851,Tab Chart Tools Format,11688
937,936,Group Chart Current Selection,15046
938,937,Chart Element Selector,11468
939,937,Chart Format Selection,11467
940,937,Chart Reset To Match Style,14057
941,936,Group Shape Styles,11594
942,941,Shape Styles Gallery,11532
943,941,Shape Styles Other Theme Fills Gallery,13779
944,941,Shape Fill Color Picker,11689
945,941,Object Fill More Colors Dialog,1051
946,941,Object Picture Fill,12612
947,941,Gradient Gallery,12116
948,941,Shape Fill More Gradients Dialog,12683
949,941,Shape Fill Texture Gallery,11531
950,941,More Texture Options,15679
951,941,Shape Outline Color Picker,15293
952,941,Object Border Outline Color More Colors Dialog,1052
953,941,Outline Weight Gallery,11866
954,941,Line Styles Dialog,1054
955,941,Outline Dashes Gallery,11865
956,941,Line Styles Dialog,1054
957,941,Arrow Style Gallery,11864
958,941,Arrows More,1055
959,941,Shape Effects Menu,14861
960,941,Object Effect Preset Gallery,11642
961,941,_3DBevel Options Dialog,13233
962,941,Object Effect Shadow Gallery,12118
963,941,Shadow Options Dialog,12684
964,941,Reflection Gallery,14229
965,941,Object Effect Glow Gallery,12115
966,941,Glow Color Picker,14766
967,941,Glow Color More Colors Dialog,14768
968,941,Object Effect Soft Edges Gallery,12102
969,941,Bevel Shape Gallery,14696
970,941,_3DBevel Options Dialog,13233
971,941,_3DRotation Gallery,11644
972,941,_3DRotation Options Dialog,13232
973,941,Object Format Dialog,962
974,936,Group Word Art Styles,14834
975,974,Text Styles Gallery,14839
976,974,Word Art Clear,14840
977,974,Text Fill Color Picker,14835
978,974,Text Fill Color More Colors Dialog,15680
979,974,Text Picture Fill,14841
980,974,Text Fill Gradient Gallery,14842
981,974,Text Fill More Gradients Dialog,14843
982,974,Text Fill Texture Gallery,14844
983,974,Text Fill More Textures,16081
984,974,Text Outline Color Picker,14836
985,974,Text Outline Color More Colors Dialog,14837
986,974,Text Outline Weight Gallery,14847
987,974,Text Outline More Lines Dialog,14846
988,974,Text Outline Dashes Gallery,14845
989,974,Text Outline More Lines Dialog,14846
990,974,Text Effects Menu,14838
991,974,Text Effect Shadow Gallery,14848
992,974,Text Effects More Shadows Dialog,14849
993,974,Text Reflection Gallery,14857
994,974,Text Effect Glow Gallery,14854
995,974,Text Glow Color Picker,14855
996,974,Text Glow Color More Colors Dialog,14856
997,974,Bevel Text Gallery,15075
998,974,Text Effects Bevel More3DOptions Dialog,14851
999,974,Text Effects3DRotation Gallery,14852
1000,974,Text Effects3DRotation Options Dialog,14853
1001,974,Text Effect Transform Gallery,12120
1002,974,Word Art Format Dialog,15677
1003,936,Group Arrange,11581
1004,1003,Picture Position Gallery,13142
1005,1003,Layout Options Dialog,14181
1006,1003,Object Bring To Front Menu,14407
1007,1003,Object Bring To Front,166
1008,1003,Object Bring To Front,166
1009,1003,Object Bring Forward,170
1010,1003,Object Bring In Front Of Text,3451
1011,1003,Object Send To Back Menu,14408
1012,1003,Object Send To Back,167
1013,1003,Object Send To Back,167
1014,1003,Object Send Backward,171
1015,1003,Object Send Behind Text,3452
1016,1003,Text Wrapping Menu,12613
1017,1003,Text Wrapping In Line With Text,5934
1018,1003,Text Wrapping Square,1369
1019,1003,Text Wrapping Tight,1370
1020,1003,Text Wrapping Behind Text,4000
1021,1003,Text Wrapping In Front Of Text,4001
1022,1003,Text Wrapping Top And Bottom,2766
1023,1003,Text Wrapping Through,2767
1024,1003,Text Wrapping Edit Wrap Points,1372
1025,1003,Layout Options Dialog,14181
1026,1003,Object Align Menu,11920
1027,1003,Objects Align Left Smart,12784
1028,1003,Objects Align Center Horizontal Smart,12788
1029,1003,Objects Align Right Smart,12785
1030,1003,Objects Align Top Smart,12786
1031,1003,Objects Align Middle Vertical Smart,12789
1032,1003,Objects Align Bottom Smart,12787
1033,1003,Align Distribute Horizontally,12790
1034,1003,Align Distribute Vertically,12791
1035,1003,Objects Align Relative To Container Smart,12783
1036,1003,Objects Align Relative To Margin,14469
1037,1003,Objects Align Selected Smart,12782
1038,1003,View Gridlines Word,300
1039,1003,Grid Settings,217
1040,1003,Objects Group Menu,14409
1041,1003,Objects Group,164
1042,1003,Objects Regroup,338
1043,1003,Objects Ungroup,165
1044,1003,Object Rotate Gallery,11924
1045,1003,Object Rotation Options Dialog,15678
1046,936,Group Size,11877
1047,1046,Shape Height,13915
1048,1046,Shape Width,13916
1049,1046,Object Size Dialog,14100
1050,0,Tab Set Picture Tools,13263
1051,1050,Tab Picture Tools Format,11527
1052,1051,Group Picture Tools,11875
1053,1052,Picture Brightness Gallery,13140
1054,1052,Picture Corrections Dialog,15078
1055,1052,Picture Contrast Gallery,13141
1056,1052,Picture Corrections Dialog,15078
1057,1052,Picture Recolor Gallery,14231
1058,1052,Recolor Color Picker,14767
1059,1052,Picture Recolor More Colors Dialog,14769
1060,1052,Picture Set Transparent Color,2827
1061,1052,Pictures Compress,6382
1062,1052,Picture Change,14826
1063,1052,Picture Reset,1362
1064,1051,Group Picture Styles,15503
1065,1064,Picture Styles Gallery,15504
1066,1064,Picture Shape Gallery,15783
1067,1064,Outline Color Picker,11690
1068,1064,Object Border Outline Color More Colors Dialog,1052
1069,1064,Outline Weight Gallery,11866
1070,1064,Line Styles Dialog,1054
1071,1064,Outline Dashes Gallery,11865
1072,1064,Line Styles Dialog,1054
1073,1064,Picture Effects Menu,15782
1074,1064,Picture Effects Preset Gallery,11643
1075,1064,_3DBevel Options Dialog,13233
1076,1064,Picture Effects Shadow Gallery,15554
1077,1064,Shadow Options Dialog,12684
1078,1064,Picture Reflection Gallery,15562
1079,1064,Picture Effects Glow Gallery,15557
1080,1064,Glow Color Picker,14766
1081,1064,Glow Color More Colors Dialog,14768
1082,1064,Picture Effects Soft Edges Gallery,15560
1083,1064,_3DBevel Picture Top Gallery,14711
1084,1064,_3DBevel Options Dialog,13233
1085,1064,Picture Rotation Gallery,15565
1086,1064,_3DRotation Options Dialog,13232
1087,1064,Object Format Dialog,962
1088,1051,Group Arrange,11581
1089,1088,Picture Position Gallery,13142
1090,1088,Layout Options Dialog,14181
1091,1088,Object Bring To Front Menu,14407
1092,1088,Object Bring To Front,166
1093,1088,Object Bring To Front,166
1094,1088,Object Bring Forward,170
1095,1088,Object Bring In Front Of Text,3451
1096,1088,Object Send To Back Menu,14408
1097,1088,Object Send To Back,167
1098,1088,Object Send To Back,167
1099,1088,Object Send Backward,171
1100,1088,Object Send Behind Text,3452
1101,1088,Text Wrapping Menu,12613
1102,1088,Text Wrapping In Line With Text,5934
1103,1088,Text Wrapping Square,1369
1104,1088,Text Wrapping Tight,1370
1105,1088,Text Wrapping Behind Text,4000
1106,1088,Text Wrapping In Front Of Text,4001
1107,1088,Text Wrapping Top And Bottom,2766
1108,1088,Text Wrapping Through,2767
1109,1088,Text Wrapping Edit Wrap Points,1372
1110,1088,Layout Options Dialog,14181
1111,1088,Object Align Menu,11920
1112,1088,Objects Align Left Smart,12784
1113,1088,Objects Align Center Horizontal Smart,12788
1114,1088,Objects Align Right Smart,12785
1115,1088,Objects Align Top Smart,12786
1116,1088,Objects Align Middle Vertical Smart,12789
1117,1088,Objects Align Bottom Smart,12787
1118,1088,Align Distribute Horizontally,12790
1119,1088,Align Distribute Vertically,12791
1120,1088,Objects Align Relative To Container Smart,12783
1121,1088,Objects Align Relative To Margin,14469
1122,1088,Objects Align Selected Smart,12782
1123,1088,View Gridlines Word,300
1124,1088,Grid Settings,217
1125,1088,Objects Group Menu,14409
1126,1088,Objects Group,164
1127,1088,Objects Regroup,338
1128,1088,Objects Ungroup,165
1129,1088,Object Rotate Gallery,11924
1130,1088,Object Rotation Options Dialog,15678
1131,1051,Group Picture Size,11568
1132,1131,Picture Crop,732
1133,1131,Shape Height,13915
1134,1131,Shape Width,13916
1135,1131,Object Size Dialog,14100
1136,0,Tab Set Drawing Tools Classic,14605
1137,1136,Tab Drawing Tools Format Classic,13815
1138,1137,Group Shapes Classic,15288
1139,1138,Shapes Insert Gallery,11529
1140,1138,Object Edit Shape Menu,12317
1141,1138,Object Edit Points,206
1142,1138,Shape Reroute Connectors,1033
1143,1138,Object Edit Text,1401
1144,1137,Group Shape Styles Classic,15290
1145,1144,Shape Styles Gallery Classic,13822
1146,1144,Drawing1Color Picker Fill,15292
1147,1144,Object Fill More Colors Dialog,1051
1148,1144,Object Picture Fill,12612
1149,1144,Shape Fill Gradient Gallery Classic,13870
1150,1144,Shape Fill Effect More Gradients Dialog Classic,15174
1151,1144,Drawing1Gallery Textures,15297
1152,1144,Shape Fill Effect More Textures Dialog Classic,15175
1153,1144,Shape Fill Effect Pattern Classic,15176
1154,1144,Drawing1Color Picker Line Styles,15295
1155,1144,Object Border Outline Color More Colors Dialog,1052
1156,1144,Outline Weight Gallery,11866
1157,1144,Line Styles Dialog,1054
1158,1144,Outline Dashes Gallery,11865
1159,1144,Line Styles Dialog,1054
1160,1144,Arrow Style Gallery,11864
1161,1144,Arrows More,1055
1162,1144,Outline Line Pattern Fill,1053
1163,1144,Shape Change Shape Gallery,11530
1164,1144,Drawing Object Format Dialog,14182
1165,1137,Group Shadow Effects,13817
1166,1165,Shadow Style Gallery Classic,13129
1167,1165,Shadow Color Picker Classic,13868
1168,1165,Shadow Semitransparent Classic,1859
1169,1165,Object Shadow Color More Colors Dialog,1072
1170,1165,Shadow Nudge Left Classic,1070
1171,1165,Shadow Nudge Up Classic,1068
1172,1165,Shadow On Or Off Classic,2175
1173,1165,Shadow Nudge Down Classic,1069
1174,1165,Shadow Nudge Right Classic,1071
1175,1137,Group3DEffects,13818
1176,1175,_3DEffects Gallery Classic,13811
1177,1175,_3DEffect Color Picker Classic,13869
1178,1175,_3DEffect Color Picker More Classic,1073
1179,1175,_3DExtrusion Depth Gallery Classic,13979
1180,1175,_3DDirection Gallery Classic,13812
1181,1175,_3DExtrusion Perspective Classic,1390
1182,1175,_3DExtrusion Parallel Classic,1391
1183,1175,_3DLighting Gallery Classic,13813
1184,1175,_3DLighting Flat Classic,1392
1185,1175,_3DLighting Normal Classic,1393
1186,1175,_3DLighting Dim Classic,1394
1187,1175,_3DSurface Material Gallery Classic,13978
1188,1175,_3DTilt Left Classic,1377
1189,1175,_3DTilt Up Classic,1376
1190,1175,_3DEffects On Off Classic,1374
1191,1175,_3DTilt Down Classic,1375
1192,1175,_3DTilt Right Classic,1378
1193,1137,Group Arrange,11581
1194,1193,Picture Position Gallery,13142
1195,1193,Layout Options Dialog,14181
1196,1193,Object Bring To Front Menu,14407
1197,1193,Object Bring To Front,166
1198,1193,Object Bring To Front,166
1199,1193,Object Bring Forward,170
1200,1193,Object Bring In Front Of Text,3451
1201,1193,Object Send To Back Menu,14408
1202,1193,Object Send To Back,167
1203,1193,Object Send To Back,167
1204,1193,Object Send Backward,171
1205,1193,Object Send Behind Text,3452
1206,1193,Text Wrapping Menu,12613
1207,1193,Text Wrapping In Line With Text,5934
1208,1193,Text Wrapping Square,1369
1209,1193,Text Wrapping Tight,1370
1210,1193,Text Wrapping Behind Text,4000
1211,1193,Text Wrapping In Front Of Text,4001
1212,1193,Text Wrapping Top And Bottom,2766
1213,1193,Text Wrapping Through,2767
1214,1193,Text Wrapping Edit Wrap Points,1372
1215,1193,Layout Options Dialog,14181
1216,1193,Object Align Menu,11920
1217,1193,Objects Align Left Smart,12784
1218,1193,Objects Align Center Horizontal Smart,12788
1219,1193,Objects Align Right Smart,12785
1220,1193,Objects Align Top Smart,12786
1221,1193,Objects Align Middle Vertical Smart,12789
1222,1193,Objects Align Bottom Smart,12787
1223,1193,Align Distribute Horizontally,12790
1224,1193,Align Distribute Vertically,12791
1225,1193,Objects Align Relative To Container Smart,12783
1226,1193,Objects Align Relative To Margin,14469
1227,1193,Objects Align Selected Smart,12782
1228,1193,View Gridlines Word,300
1229,1193,Grid Settings,217
1230,1193,Objects Group Menu,14409
1231,1193,Objects Group,164
1232,1193,Objects Regroup,338
1233,1193,Objects Ungroup,165
1234,1193,Object Rotate Gallery,11924
1235,1193,Object Rotation Options Dialog,15678
1236,1137,Group Size Classic,15284
1237,1236,Shape Height,13915
1238,1236,Shape Width,13916
1239,1236,Object Size Dialog Classic,14606
1240,0,Tab Set Word Art Tools,13941
1241,1240,Tab Word Art Tools Format,12806
1242,1241,Group Word Art Text,11550
1243,1242,Word Art Edit Text Classic,2094
1244,1242,Word Art Spacing Menu,13134
1245,1242,Word Art Spacing Very Tight,1356
1246,1242,Word Art Spacing Tight,1357
1247,1242,Word Art Spacing Normal,1358
1248,1242,Word Art Spacing Loose,1359
1249,1242,Word Art Spacing Very Loose,1360
1250,1242,Word Art Spacing Kern Character Pairs,1361
1251,1242,Word Art Even Text Height Classic,1063
1252,1242,Word Art Vertical Text,1061
1253,1242,Text Align Menu,13135
1254,1242,Text Align Left,1108
1255,1242,Text Align Center,1109
1256,1242,Text Align Right,1352
1257,1242,Text Align Word Justify,1354
1258,1242,Text Align Letter Justify,1353
1259,1242,Text Align Stretch Justify,1355
1260,1241,Group Word Art Styles Classic,15085
1261,1260,Word Art Styles Gallery Classic,13819
1262,1260,Drawing1Color Picker Fill Word Art,16029
1263,1260,Object Fill More Colors Dialog,1051
1264,1260,Object Picture Fill,12612
1265,1260,Shape Fill Gradient Gallery Classic,13870
1266,1260,Shape Fill Effect More Gradients Dialog Classic,15174
1267,1260,Drawing1Gallery Textures,15297
1268,1260,Shape Fill Effect More Textures Dialog Classic,15175
1269,1260,Shape Fill Effect Pattern Classic,15176
1270,1260,Drawing1Color Picker Line Styles Word Art,16028
1271,1260,Object Border Outline Color More Colors Dialog,1052
1272,1260,Outline Weight Gallery,11866
1273,1260,Line Styles Dialog,1054
1274,1260,Outline Dashes Gallery,11865
1275,1260,Line Styles Dialog,1054
1276,1260,Arrow Style Gallery,11864
1277,1260,Arrows More,1055
1278,1260,Outline Line Pattern Fill,1053
1279,1260,Word Art Change Shape Gallery,13866
1280,1241,Group Shadow Effects,13817
1281,1280,Shadow Style Gallery Classic,13129
1282,1280,Shadow Color Picker Classic,13868
1283,1280,Shadow Semitransparent Classic,1859
1284,1280,Object Shadow Color More Colors Dialog,1072
1285,1280,Shadow Nudge Left Classic,1070
1286,1280,Shadow Nudge Up Classic,1068
1287,1280,Shadow On Or Off Classic,2175
1288,1280,Shadow Nudge Down Classic,1069
1289,1280,Shadow Nudge Right Classic,1071
1290,1241,Group3DEffects,13818
1291,1290,_3DEffects Gallery Classic,13811
1292,1290,_3DEffect Color Picker Classic,13869
1293,1290,_3DEffect Color Picker More Classic,1073
1294,1290,_3DExtrusion Depth Gallery Classic,13979
1295,1290,_3DDirection Gallery Classic,13812
1296,1290,_3DExtrusion Perspective Classic,1390
1297,1290,_3DExtrusion Parallel Classic,1391
1298,1290,_3DLighting Gallery Classic,13813
1299,1290,_3DLighting Flat Classic,1392
1300,1290,_3DLighting Normal Classic,1393
1301,1290,_3DLighting Dim Classic,1394
1302,1290,_3DSurface Material Gallery Classic,13978
1303,1290,_3DTilt Left Classic,1377
1304,1290,_3DTilt Up Classic,1376
1305,1290,_3DEffects On Off Classic,1374
1306,1290,_3DTilt Down Classic,1375
1307,1290,_3DTilt Right Classic,1378
1308,1241,Group Arrange,11581
1309,1308,Picture Position Gallery,13142
1310,1308,Layout Options Dialog,14181
1311,1308,Object Bring To Front Menu,14407
1312,1308,Object Bring To Front,166
1313,1308,Object Bring To Front,166
1314,1308,Object Bring Forward,170
1315,1308,Object Bring In Front Of Text,3451
1316,1308,Object Send To Back Menu,14408
1317,1308,Object Send To Back,167
1318,1308,Object Send To Back,167
1319,1308,Object Send Backward,171
1320,1308,Object Send Behind Text,3452
1321,1308,Text Wrapping Menu,12613
1322,1308,Text Wrapping In Line With Text,5934
1323,1308,Text Wrapping Square,1369
1324,1308,Text Wrapping Tight,1370
1325,1308,Text Wrapping Behind Text,4000
1326,1308,Text Wrapping In Front Of Text,4001
1327,1308,Text Wrapping Top And Bottom,2766
1328,1308,Text Wrapping Through,2767
1329,1308,Text Wrapping Edit Wrap Points,1372
1330,1308,Layout Options Dialog,14181
1331,1308,Object Align Menu,11920
1332,1308,Objects Align Left Smart,12784
1333,1308,Objects Align Center Horizontal Smart,12788
1334,1308,Objects Align Right Smart,12785
1335,1308,Objects Align Top Smart,12786
1336,1308,Objects Align Middle Vertical Smart,12789
1337,1308,Objects Align Bottom Smart,12787
1338,1308,Align Distribute Horizontally,12790
1339,1308,Align Distribute Vertically,12791
1340,1308,Objects Align Relative To Container Smart,12783
1341,1308,Objects Align Relative To Margin,14469
1342,1308,Objects Align Selected Smart,12782
1343,1308,View Gridlines Word,300
1344,1308,Grid Settings,217
1345,1308,Objects Group Menu,14409
1346,1308,Objects Group,164
1347,1308,Objects Regroup,338
1348,1308,Objects Ungroup,165
1349,1308,Object Rotate Gallery,11924
1350,1308,Object Rotation Options Dialog,15678
1351,1241,Group Size Classic,15284
1352,1351,Shape Height,13915
1353,1351,Shape Width,13916
1354,1351,Object Size Dialog Classic,14606
1355,0,Tab Set Diagram Tools,13942
1356,1355,Tab Diagram Tools Format Classic,13131
1357,1356,Group Diagram Layout Classic,15157
1358,1357,Diagram Shape Insert Classic,6933
1359,1357,Diagram Reverse Classic,6099
1360,1357,Diagram Shape Move Forward Classic,6011
1361,1357,Diagram Shape Move Backward Classic,6010
1362,1357,Diagram Auto Layout Classic,6100
1363,1357,Diagram Fit To Contents Classic,6826
1364,1357,Diagram Expand Classic,6828
1365,1357,Diagram Resize Classic,6827
1366,1356,Group Diagram Styles Classic,15158
1367,1366,Diagram Styles Classic,6068
1368,1366,Drawing1Color Picker Fill,15292
1369,1366,Object Fill More Colors Dialog,1051
1370,1366,Object Picture Fill,12612
1371,1366,Shape Fill Gradient Gallery Classic,13870
1372,1366,Shape Fill Effect More Gradients Dialog Classic,15174
1373,1366,Drawing1Gallery Textures,15297
1374,1366,Shape Fill Effect More Textures Dialog Classic,15175
1375,1366,Shape Fill Effect Pattern Classic,15176
1376,1366,Drawing1Color Picker Line Styles,15295
1377,1366,Object Border Outline Color More Colors Dialog,1052
1378,1366,Outline Weight Gallery,11866
1379,1366,Line Styles Dialog,1054
1380,1366,Outline Dashes Gallery,11865
1381,1366,Line Styles Dialog,1054
1382,1366,Arrow Style Gallery,11864
1383,1366,Arrows More,1055
1384,1366,Outline Line Pattern Fill,1053
1385,1366,Diagram Change To Menu Classic,13136
1386,1366,Diagram Change To Cycle Classic,5830
1387,1366,Diagram Change To Radial Classic,5829
1388,1366,Diagram Change To Pyramid Classic,6009
1389,1366,Diagram Change To Venn Diagram Classic,5833
1390,1366,Diagram Change To Target Classic,5832
1391,1356,Group Shadow Effects,13817
1392,1391,Shadow Style Gallery Classic,13129
1393,1391,Shadow Color Picker Classic,13868
1394,1391,Shadow Semitransparent Classic,1859
1395,1391,Object Shadow Color More Colors Dialog,1072
1396,1391,Shadow Nudge Left Classic,1070
1397,1391,Shadow Nudge Up Classic,1068
1398,1391,Shadow On Or Off Classic,2175
1399,1391,Shadow Nudge Down Classic,1069
1400,1391,Shadow Nudge Right Classic,1071
1401,1356,Group3DEffects,13818
1402,1401,_3DEffects Gallery Classic,13811
1403,1401,_3DEffect Color Picker Classic,13869
1404,1401,_3DEffect Color Picker More Classic,1073
1405,1401,_3DExtrusion Depth Gallery Classic,13979
1406,1401,_3DDirection Gallery Classic,13812
1407,1401,_3DExtrusion Perspective Classic,1390
1408,1401,_3DExtrusion Parallel Classic,1391
1409,1401,_3DLighting Gallery Classic,13813
1410,1401,_3DLighting Flat Classic,1392
1411,1401,_3DLighting Normal Classic,1393
1412,1401,_3DLighting Dim Classic,1394
1413,1401,_3DSurface Material Gallery Classic,13978
1414,1401,_3DTilt Left Classic,1377
1415,1401,_3DTilt Up Classic,1376
1416,1401,_3DEffects On Off Classic,1374
1417,1401,_3DTilt Down Classic,1375
1418,1401,_3DTilt Right Classic,1378
1419,1356,Group Diagram Arrange Classic,15304
1420,1419,Picture Position Gallery,13142
1421,1419,Layout Options Dialog,14181
1422,1419,Object Bring To Front Menu,14407
1423,1419,Object Bring To Front,166
1424,1419,Object Bring To Front,166
1425,1419,Object Bring Forward,170
1426,1419,Object Bring In Front Of Text,3451
1427,1419,Object Send To Back Menu,14408
1428,1419,Object Send To Back,167
1429,1419,Object Send To Back,167
1430,1419,Object Send Backward,171
1431,1419,Object Send Behind Text,3452
1432,1419,Text Wrapping Menu,12613
1433,1419,Text Wrapping In Line With Text,5934
1434,1419,Text Wrapping Square,1369
1435,1419,Text Wrapping Tight,1370
1436,1419,Text Wrapping Behind Text,4000
1437,1419,Text Wrapping In Front Of Text,4001
1438,1419,Text Wrapping Top And Bottom,2766
1439,1419,Text Wrapping Through,2767
1440,1419,Text Wrapping Edit Wrap Points,1372
1441,1419,Layout Options Dialog,14181
1442,1419,Object Align Menu,11920
1443,1419,Objects Align Left Smart,12784
1444,1419,Objects Align Center Horizontal Smart,12788
1445,1419,Objects Align Right Smart,12785
1446,1419,Objects Align Top Smart,12786
1447,1419,Objects Align Middle Vertical Smart,12789
1448,1419,Objects Align Bottom Smart,12787
1449,1419,Align Distribute Horizontally,12790
1450,1419,Align Distribute Vertically,12791
1451,1419,Objects Align Relative To Container Smart,12783
1452,1419,Objects Align Relative To Margin,14469
1453,1419,Objects Align Selected Smart,12782
1454,1419,View Gridlines Word,300
1455,1419,Grid Settings,217
1456,1419,Objects Group Menu,14409
1457,1419,Objects Group,164
1458,1419,Objects Regroup,338
1459,1419,Objects Ungroup,165
1460,1356,Group Size Classic,15284
1461,1460,Shape Height,13915
1462,1460,Shape Width,13916
1463,1460,Object Size Dialog Classic,14606
1464,0,Tab Set Organization Chart Tools,13943
1465,1464,Tab Organization Chart Tools Format,13130
1466,1465,Group Organization Chart Shape Insert,11613
1467,1466,Organization Chart Insert Subordinate,5856
1468,1466,Organization Chart Insert Coworker,5855
1469,1466,Organization Chart Insert Assistant,5849
1470,1465,Group Organization Chart Layout Classic,15159
1471,1470,Organization Chart Layout Standard,6131
1472,1470,Organization Chart Layout Right Hanging,6134
1473,1470,Organization Chart Layout Left Hanging,6133
1474,1470,Organization Chart Layout Both Hanging,6132
1475,1470,Organization Chart Auto Layout,6071
1476,1465,Group Organization Chart Style Classic,15160
1477,1476,Organization Chart Style,6949
1478,1476,Drawing1Color Picker Fill,15292
1479,1476,Object Fill More Colors Dialog,1051
1480,1476,Object Picture Fill,12612
1481,1476,Shape Fill Gradient Gallery Classic,13870
1482,1476,Shape Fill Effect More Gradients Dialog Classic,15174
1483,1476,Drawing1Gallery Textures,15297
1484,1476,Shape Fill Effect More Textures Dialog Classic,15175
1485,1476,Shape Fill Effect Pattern Classic,15176
1486,1476,Drawing1Color Picker Line Styles,15295
1487,1476,Object Border Outline Color More Colors Dialog,1052
1488,1476,Outline Weight Gallery,11866
1489,1476,Line Styles Dialog,1054
1490,1476,Outline Dashes Gallery,11865
1491,1476,Line Styles Dialog,1054
1492,1476,Arrow Style Gallery,11864
1493,1476,Arrows More,1055
1494,1476,Outline Line Pattern Fill,1053
1495,1465,Group Organization Chart Select,15163
1496,1495,Organization Chart Select Level,6072
1497,1495,Organization Chart Select Branch,6073
1498,1495,Organization Chart Select All Assistants,6074
1499,1495,Organization Chart Select All Connectors,6075
1500,1465,Group Shadow Effects,13817
1501,1500,Shadow Style Gallery Classic,13129
1502,1500,Shadow Color Picker Classic,13868
1503,1500,Shadow Semitransparent Classic,1859
1504,1500,Object Shadow Color More Colors Dialog,1072
1505,1500,Shadow Nudge Left Classic,1070
1506,1500,Shadow Nudge Up Classic,1068
1507,1500,Shadow On Or Off Classic,2175
1508,1500,Shadow Nudge Down Classic,1069
1509,1500,Shadow Nudge Right Classic,1071
1510,1465,Group3DEffects,13818
1511,1510,_3DEffects Gallery Classic,13811
1512,1510,_3DEffect Color Picker Classic,13869
1513,1510,_3DEffect Color Picker More Classic,1073
1514,1510,_3DExtrusion Depth Gallery Classic,13979
1515,1510,_3DDirection Gallery Classic,13812
1516,1510,_3DExtrusion Perspective Classic,1390
1517,1510,_3DExtrusion Parallel Classic,1391
1518,1510,_3DLighting Gallery Classic,13813
1519,1510,_3DLighting Flat Classic,1392
1520,1510,_3DLighting Normal Classic,1393
1521,1510,_3DLighting Dim Classic,1394
1522,1510,_3DSurface Material Gallery Classic,13978
1523,1510,_3DTilt Left Classic,1377
1524,1510,_3DTilt Up Classic,1376
1525,1510,_3DEffects On Off Classic,1374
1526,1510,_3DTilt Down Classic,1375
1527,1510,_3DTilt Right Classic,1378
1528,1465,Group Diagram Arrange Classic,15304
1529,1528,Picture Position Gallery,13142
1530,1528,Layout Options Dialog,14181
1531,1528,Object Bring To Front Menu,14407
1532,1528,Object Bring To Front,166
1533,1528,Object Bring To Front,166
1534,1528,Object Bring Forward,170
1535,1528,Object Bring In Front Of Text,3451
1536,1528,Object Send To Back Menu,14408
1537,1528,Object Send To Back,167
1538,1528,Object Send To Back,167
1539,1528,Object Send Backward,171
1540,1528,Object Send Behind Text,3452
1541,1528,Text Wrapping Menu,12613
1542,1528,Text Wrapping In Line With Text,5934
1543,1528,Text Wrapping Square,1369
1544,1528,Text Wrapping Tight,1370
1545,1528,Text Wrapping Behind Text,4000
1546,1528,Text Wrapping In Front Of Text,4001
1547,1528,Text Wrapping Top And Bottom,2766
1548,1528,Text Wrapping Through,2767
1549,1528,Text Wrapping Edit Wrap Points,1372
1550,1528,Layout Options Dialog,14181
1551,1528,Object Align Menu,11920
1552,1528,Objects Align Left Smart,12784
1553,1528,Objects Align Center Horizontal Smart,12788
1554,1528,Objects Align Right Smart,12785
1555,1528,Objects Align Top Smart,12786
1556,1528,Objects Align Middle Vertical Smart,12789
1557,1528,Objects Align Bottom Smart,12787
1558,1528,Align Distribute Horizontally,12790
1559,1528,Align Distribute Vertically,12791
1560,1528,Objects Align Relative To Container Smart,12783
1561,1528,Objects Align Relative To Margin,14469
1562,1528,Objects Align Selected Smart,12782
1563,1528,View Gridlines Word,300
1564,1528,Grid Settings,217
1565,1528,Objects Group Menu,14409
1566,1528,Objects Group,164
1567,1528,Objects Regroup,338
1568,1528,Objects Ungroup,165
1569,1465,Group Size Classic,15284
1570,1569,Shape Height,13915
1571,1569,Shape Width,13916
1572,1569,Object Size Dialog Classic,14606
1573,0,Tab Set Text Box Tools,13944
1574,1573,Tab Text Box Tools Format,14472
1575,1574,Group Text Box Text,11580
1576,1575,Text Box Insert Word,15162
1577,1575,Text Box Draw Menu,15161
1578,1575,Text Box Insert,139
1579,1575,Text Box Insert Vertical Word,14611
1580,1575,Text Direction,2872
1581,1575,Text Box Link Create,2308
1582,1575,Text Box Link Break,2309
1583,1574,Group Text Box Styles,15083
1584,1583,Text Box Style Gallery,14473
1585,1583,Drawing1Color Picker Fill,15292
1586,1583,Object Fill More Colors Dialog,1051
1587,1583,Object Picture Fill,12612
1588,1583,Shape Fill Gradient Gallery Classic,13870
1589,1583,Shape Fill Effect More Gradients Dialog Classic,15174
1590,1583,Drawing1Gallery Textures,15297
1591,1583,Shape Fill Effect More Textures Dialog Classic,15175
1592,1583,Shape Fill Effect Pattern Classic,15176
1593,1583,Drawing1Color Picker Line Styles,15295
1594,1583,Object Border Outline Color More Colors Dialog,1052
1595,1583,Outline Weight Gallery,11866
1596,1583,Line Styles Dialog,1054
1597,1583,Outline Dashes Gallery,11865
1598,1583,Line Styles Dialog,1054
1599,1583,Arrow Style Gallery,11864
1600,1583,Arrows More,1055
1601,1583,Outline Line Pattern Fill,1053
1602,1583,Shape Change Shape Gallery,11530
1603,1583,Drawing Object Format Dialog,14182
1604,1574,Group Shadow Effects,13817
1605,1604,Shadow Style Gallery Classic,13129
1606,1604,Shadow Color Picker Classic,13868
1607,1604,Shadow Semitransparent Classic,1859
1608,1604,Object Shadow Color More Colors Dialog,1072
1609,1604,Shadow Nudge Left Classic,1070
1610,1604,Shadow Nudge Up Classic,1068
1611,1604,Shadow On Or Off Classic,2175
1612,1604,Shadow Nudge Down Classic,1069
1613,1604,Shadow Nudge Right Classic,1071
1614,1574,Group3DEffects,13818
1615,1614,_3DEffects Gallery Classic,13811
1616,1614,_3DEffect Color Picker Classic,13869
1617,1614,_3DEffect Color Picker More Classic,1073
1618,1614,_3DExtrusion Depth Gallery Classic,13979
1619,1614,_3DDirection Gallery Classic,13812
1620,1614,_3DExtrusion Perspective Classic,1390
1621,1614,_3DExtrusion Parallel Classic,1391
1622,1614,_3DLighting Gallery Classic,13813
1623,1614,_3DLighting Flat Classic,1392
1624,1614,_3DLighting Normal Classic,1393
1625,1614,_3DLighting Dim Classic,1394
1626,1614,_3DSurface Material Gallery Classic,13978
1627,1614,_3DTilt Left Classic,1377
1628,1614,_3DTilt Up Classic,1376
1629,1614,_3DEffects On Off Classic,1374
1630,1614,_3DTilt Down Classic,1375
1631,1614,_3DTilt Right Classic,1378
1632,1574,Group Text Box Arrange,15305
1633,1632,Text Box Position Gallery,14476
1634,1632,Layout Options Dialog,14181
1635,1632,Object Bring To Front Menu,14407
1636,1632,Object Bring To Front,166
1637,1632,Object Bring To Front,166
1638,1632,Object Bring Forward,170
1639,1632,Object Bring In Front Of Text,3451
1640,1632,Object Send To Back Menu,14408
1641,1632,Object Send To Back,167
1642,1632,Object Send To Back,167
1643,1632,Object Send Backward,171
1644,1632,Object Send Behind Text,3452
1645,1632,Text Wrapping Menu,12613
1646,1632,Text Wrapping In Line With Text,5934
1647,1632,Text Wrapping Square,1369
1648,1632,Text Wrapping Tight,1370
1649,1632,Text Wrapping Behind Text,4000
1650,1632,Text Wrapping In Front Of Text,4001
1651,1632,Text Wrapping Top And Bottom,2766
1652,1632,Text Wrapping Through,2767
1653,1632,Text Wrapping Edit Wrap Points,1372
1654,1632,Layout Options Dialog,14181
1655,1632,Object Align Menu,11920
1656,1632,Objects Align Left Smart,12784
1657,1632,Objects Align Center Horizontal Smart,12788
1658,1632,Objects Align Right Smart,12785
1659,1632,Objects Align Top Smart,12786
1660,1632,Objects Align Middle Vertical Smart,12789
1661,1632,Objects Align Bottom Smart,12787
1662,1632,Align Distribute Horizontally,12790
1663,1632,Align Distribute Vertically,12791
1664,1632,Objects Align Relative To Container Smart,12783
1665,1632,Objects Align Relative To Margin,14469
1666,1632,Objects Align Selected Smart,12782
1667,1632,View Gridlines Word,300
1668,1632,Grid Settings,217
1669,1632,Objects Group Menu,14409
1670,1632,Objects Group,164
1671,1632,Objects Regroup,338
1672,1632,Objects Ungroup,165
1673,1632,Object Rotate Gallery,11924
1674,1632,Object Rotation Options Dialog,15678
1675,1574,Group Size Classic,15284
1676,1675,Shape Height,13915
1677,1675,Shape Width,13916
1678,1675,Object Size Dialog Classic,14606
1679,0,Tab Set Table Tools,13262
1680,1679,Tab Table Tools Design,14133
1681,1680,Group Table Layout,16072
1682,1681,Table Style Header Row Word,14125
1683,1681,Table Style Total Row Word,14126
1684,1681,Table Style Banded Rows Word,14129
1685,1681,Table Styles First Column Word,14127
1686,1681,Table Style Last Column Word,14128
1687,1681,Table Style Banded Columns Word,14130
1688,1680,Group Table Styles Word,15084
1689,1688,Table Styles Gallery Word,14134
1690,1688,Table Style Modify,14132
1691,1688,Table Style Clear,12387
1692,1688,New Table Style Word,15912
1693,1688,Shading Color Picker,13162
1694,1688,Shading Colors More Colors Dialog,13163
1695,1688,Table Borders Menu,12941
1696,1688,Border Bottom Word,2868
1697,1688,Border Top Word,2867
1698,1688,Border Left Word,2869
1699,1688,Border Right Word,2870
1700,1688,Border None,151
1701,1688,Borders All,1704
1702,1688,Border Outside,150
1703,1688,Border Inside,149
1704,1688,Border Inside Horizontal,1840
1705,1688,Border Inside Vertical,1841
1706,1688,Border Diagonal Down,1842
1707,1688,Border Diagonal Up,1843
1708,1688,Horizontal Line Insert,3653
1709,1688,Table Draw Table,2059
1710,1688,Table Show Gridlines,2626
1711,1688,Borders Shading Dialog Word,3466
1712,1680,Group Table Draw Borders,12940
1713,1712,Table Draw Border Pen Style,1724
1714,1712,Table Draw Border Pen Weight,2622
1715,1712,Border Color Picker,12834
1716,1712,Table Draw Table,2059
1717,1712,Table Eraser,2060
1718,1712,Borders Shading Dialog Word,3466
1719,1679,Tab Table Tools Layout,11869
1720,1719,Group Table,14733
1721,1720,Table Select Menu,12936
1722,1720,Table Select Cell,3678
1723,1720,Table Column Select,802
1724,1720,Table Row Select,801
1725,1720,Table Select,803
1726,1720,Table Show Gridlines,2626
1727,1720,Table Properties Dialog,3704
1728,1720,Table Insert Multidiagonal Cell,3961
1729,1719,Group Table Rows And Columns,11916
1730,1729,Table Delete Rows And Columns Menu Word,12937
1731,1729,Cells Delete,292
1732,1729,Table Columns Delete,294
1733,1729,Table Rows Delete,293
1734,1729,Table Delete,3679
1735,1729,Table Rows Insert Above Word,3681
1736,1729,Table Rows Insert Below Word,3683
1737,1729,Table Columns Insert Left,3685
1738,1729,Table Columns Insert Right,3687
1739,1729,Table Insert Cells Dialog,2163
1740,1719,Group Table Merge,12938
1741,1740,Merge Cells,798
1742,1740,Split Cells,800
1743,1740,Table Split Table,808
1744,1719,Group Table Cell Size,14734
1745,1744,Table Auto Fit Menu,12939
1746,1744,Table Auto Fit Contents,3907
1747,1744,Table Auto Fit Window,3908
1748,1744,Table Auto Fit Fixed Column Width,3909
1749,1744,Table Column Width,14474
1750,1744,Table Row Height,14475
1751,1744,Table Columns Distribute,2067
1752,1744,Table Rows Distribute,2068
1753,1744,Table Properties Dialog,3704
1754,1719,Group Table Alignment,11571
1755,1754,Table Cell Align Top Left,3914
1756,1754,Table Cell Align Top Center,3915
1757,1754,Table Cell Align Top Right,3916
1758,1754,Table Cell Align Middle Left,3917
1759,1754,Table Cell Align Middle Center,3918
1760,1754,Table Cell Align Middle Right,3919
1761,1754,Table Cell Align Bottom Left,3920
1762,1754,Table Cell Align Bottom Center,3921
1763,1754,Table Cell Align Bottom Right,3922
1764,1754,Text Direction,2872
1765,1754,Table Options Dialog,3705
1766,1719,Group Table Data,11918
1767,1766,Sort Dialog Classic,928
1768,1766,Table Repeat Header Rows,805
1769,1766,Convert Table To Text,929
1770,1766,Table Formula Dialog,807
1771,0,Tab Set Header And Footer Tools,13264
1772,1771,Tab Header And Footer Tools Design,12162
1773,1772,Group Header Footer,13980
1774,1773,Header Insert Gallery,12253
1775,1773,Header Footer Edit Header,14122
1776,1773,Header Footer Remove Header Word,14793
1777,1773,Save Selection To Header Gallery,12291
1778,1773,Footer Insert Gallery,12254
1779,1773,Header Footer Edit Footer,15350
1780,1773,Header Footer Remove Footer Word,14794
1781,1773,Save Selection To Footer Gallery,12290
1782,1773,Header Footer Page Number Insert,127
1783,1773,Page Numbers In Header Insert Gallery,14107
1784,1773,Save Selection To Page Number Top,14113
1785,1773,Page Nambers In Footer Insert Gallery,14108
1786,1773,Save Selection To Page Number Bottom,14114
1787,1773,Page Nambers In Margins Insert Gallery,14109
1788,1773,Save Selection To Page Number Margin,14115
1789,1773,Page Number Field Insert Gallery,12256
1790,1773,Save Selection To Page Number Gallery,12292
1791,1773,Page Number Format,2384
1792,1773,Page Numbers Remove,14795
1793,1772,Group Header Footer Insert,13104
1794,1793,Date And Time Insert,768
1795,1793,Quick Parts Insert Gallery,12260
1796,1793,Property Insert,12775
1797,1793,Field Insert,772
1798,1793,Building Blocks Organizer,12686
1799,1793,Quick Parts Insert From Online,15689
1800,1793,Save Selection To Quick Part Gallery,12287
1801,1793,Picture Insert From File,2619
1802,1793,Clip Art Insert,682
1803,1772,Group Header Footer Navigation,13105
1804,1803,Go To Header,13928
1805,1803,Go To Footer,13929
1806,1803,Header Footer Previous Section,238
1807,1803,Header Footer Next Section,239
1808,1803,Header Footer Link To Previous,250
1809,1772,Group Header Footer Options,12177
1810,1809,Header Footer Different First Page Word,13107
1811,1809,Header Footer Different Odd Even Page Word,13108
1812,1809,Header Footer Show Document Text,13109
1813,1772,Group Header Footer Position,13106
1814,1813,Header Footer Position Header From Top,13910
1815,1813,Header Footer Position Footer From Bottom,13911
1816,1813,Insert Alignment Tab,13592
1817,1772,Group Header Footer Close,15045
1818,1817,Header Footer Close,924
1819,0,Tab Set Equation Tools,15456
1820,1819,Tab Equation Tools Design,15451
1821,1820,Group Equation Tools,15452
1822,1821,Equation Insert Gallery,12258
1823,1821,Save Selection To Equation Gallery,12289
1824,1821,Equation Professional,15367
1825,1821,Equation Linear Format,15368
1826,1821,Equation Normal Text,15370
1827,1821,Equation Options,15449
1828,1820,Group Equation Symbols,15453
1829,1828,Equation Symbols Insert Gallery,15433
1830,1820,Group Equation Structures,15454
1831,1830,Equation Fraction Gallery,15435
1832,1830,Equation Script Gallery,15439
1833,1830,Equation Radical Gallery,15436
1834,1830,Equation Integral Gallery,15434
1835,1830,Equation Large Operator Gallery,15437
1836,1830,Equation Delimiter Gallery,15438
1837,1830,Equation Function Gallery,15440
1838,1830,Equation Accent Gallery,15441
1839,1830,Equation Limit Gallery,15442
1840,1830,Equation Operator Gallery,15443
1841,1830,Equation Matrix Gallery,15444
1842,0,Tab Set Picture Tools Classic,14603
1843,1842,Tab Picture Tools Format Classic,13145
1844,1843,Group Picture Tools Classic,15286
1845,1844,Drawing1Gallery Brightness,15302
1846,1844,Picture Brightness And Contrast Dialog,13146
1847,1844,Drawing1Gallery Contrast,15303
1848,1844,Picture Brightness And Contrast Dialog,13146
1849,1844,Picture Recolor Gallery Word,13976
1850,1844,Pictures Compress,6382
1851,1844,Picture Reset,1362
1852,1843,Group Shadow Effects,13817
1853,1852,Shadow Style Gallery Classic,13129
1854,1852,Shadow Color Picker Classic,13868
1855,1852,Shadow Semitransparent Classic,1859
1856,1852,Object Shadow Color More Colors Dialog,1072
1857,1852,Shadow Nudge Left Classic,1070
1858,1852,Shadow Nudge Up Classic,1068
1859,1852,Shadow On Or Off Classic,2175
1860,1852,Shadow Nudge Down Classic,1069
1861,1852,Shadow Nudge Right Classic,1071
1862,1843,Group Border,13975
1863,1862,Picture Border Color Picker Classic,15784
1864,1862,Object Border Outline Color More Colors Dialog,1052
1865,1862,Outline Dashes Gallery,11865
1866,1862,Line Styles Dialog,1054
1867,1862,Outline Weight Gallery,11866
1868,1862,Line Styles Dialog,1054
1869,1862,Line Styles Dialog,1054
1870,1843,Group Arrange,11581
1871,1870,Picture Position Gallery,13142
1872,1870,Layout Options Dialog,14181
1873,1870,Object Bring To Front Menu,14407
1874,1870,Object Bring To Front,166
1875,1870,Object Bring To Front,166
1876,1870,Object Bring Forward,170
1877,1870,Object Bring In Front Of Text,3451
1878,1870,Object Send To Back Menu,14408
1879,1870,Object Send To Back,167
1880,1870,Object Send To Back,167
1881,1870,Object Send Backward,171
1882,1870,Object Send Behind Text,3452
1883,1870,Text Wrapping Menu,12613
1884,1870,Text Wrapping In Line With Text,5934
1885,1870,Text Wrapping Square,1369
1886,1870,Text Wrapping Tight,1370
1887,1870,Text Wrapping Behind Text,4000
1888,1870,Text Wrapping In Front Of Text,4001
1889,1870,Text Wrapping Top And Bottom,2766
1890,1870,Text Wrapping Through,2767
1891,1870,Text Wrapping Edit Wrap Points,1372
1892,1870,Layout Options Dialog,14181
1893,1870,Object Align Menu,11920
1894,1870,Objects Align Left Smart,12784
1895,1870,Objects Align Center Horizontal Smart,12788
1896,1870,Objects Align Right Smart,12785
1897,1870,Objects Align Top Smart,12786
1898,1870,Objects Align Middle Vertical Smart,12789
1899,1870,Objects Align Bottom Smart,12787
1900,1870,Align Distribute Horizontally,12790
1901,1870,Align Distribute Vertically,12791
1902,1870,Objects Align Relative To Container Smart,12783
1903,1870,Objects Align Relative To Margin,14469
1904,1870,Objects Align Selected Smart,12782
1905,1870,View Gridlines Word,300
1906,1870,Grid Settings,217
1907,1870,Objects Group Menu,14409
1908,1870,Objects Group,164
1909,1870,Objects Regroup,338
1910,1870,Objects Ungroup,165
1911,1870,Object Rotate Gallery,11924
1912,1870,Object Rotation Options Dialog,15678
1913,1843,Group Picture Size Classic,15285
1914,1913,Picture Crop,732
1915,1913,Shape Height,13915
1916,1913,Shape Width,13916
1917,1913,Object Size Dialog Classic,14606
1918,0,Tab Set Ink Tools,14344
1919,1918,Tab Ink Tools Pens,13965
1920,1919,Group Ink Select,13133
1921,1920,Objects Select,182
1922,1920,Ink Delete All Ink,7674
1923,1919,Group Ink Pens,13966
1924,1923,Ink Ballpoint Pen,13969
1925,1923,Ink Felt Tip Pen,13970
1926,1923,Ink Highlighter,13971
1927,1923,Ink Eraser,9523
1928,1919,Group Ink Format,15154
1929,1928,Ink Color Picker,15155
1930,1928,Ink Color More Colors Dialog,7879
1931,1928,Outline Weight Gallery,11866
1932,1928,Line Styles Dialog,1054
1933,1919,Group Ink Close,13968
1934,1933,Ink Tools Close,15599
